{
  "main": {
    "id": "5956811e91c3e4f6",
    "type": "split",
    "children": [
      {
        "id": "6da0733ff73fc221",
        "type": "tabs",
        "children": [
          {
            "id": "f78eaf07decaa8cd",
            "type": "leaf",
            "state": {
              "type": "markdown",
              "state": {
                "file": "Documentation/Getting Started.md",
                "mode": "source",
                "source": false
              }
            }
          }
        ]
      }
    ],
    "direction": "vertical"
  },
  "left": {
    "id": "ab768ac203cab47d",
    "type": "split",
    "children": [
      {
        "id": "f0e0f05ac0a7e3ef",
        "type": "tabs",
        "children": [
          {
            "id": "7be5a2b68df6ec67",
            "type": "leaf",
            "state": {
              "type": "file-explorer",
              "state": {
                "sortOrder": "alphabetical"
              }
            }
          },
          {
            "id": "e5420f194b6037bb",
            "type": "leaf",
            "state": {
              "type": "search",
              "state": {
                "query": "",
                "matchingCase": false,
                "explainSearch": false,
                "collapseAll": false,
                "extraContext": false,
                "sortOrder": "alphabetical"
              }
            }
          },
          {
            "id": "991ac340dcacd212",
            "type": "leaf",
            "state": {
              "type": "starred",
              "state": {}
            }
          },
          {
            "id": "00073f033245567f",
            "type": "leaf",
            "state": {
              "type": "recent-files",
              "state": {}
            }
          }
        ]
      }
    ],
    "direction": "horizontal",
    "width": 285.5
  },
  "right": {
    "id": "b4965ebd78dce612",
    "type": "split",
    "children": [
      {
        "id": "1f88eba8f5e6f9db",
        "type": "tabs",
        "children": [
          {
            "id": "0eeabecd5c5a134b",
            "type": "leaf",
            "state": {
              "type": "backlink",
              "state": {
                "file": "Documentation/Getting Started.md",
                "collapseAll": false,
                "extraContext": false,
                "sortOrder": "alphabetical",
                "showSearch": false,
                "searchQuery": "",
                "backlinkCollapsed": false,
                "unlinkedCollapsed": true
              }
            }
          },
          {
            "id": "9b0eb6eb3412faf9",
            "type": "leaf",
            "state": {
              "type": "outline",
              "state": {
                "file": "Documentation/Getting Started.md"
              }
            }
          },
          {
            "id": "ffc49d061a61310c",
            "type": "leaf",
            "state": {
              "type": "tag",
              "state": {
                "sortOrder": "alphabetical",
                "useHierarchy": true
              }
            }
          },
          {
            "id": "f34642fcf0b93b58",
            "type": "leaf",
            "state": {
              "type": "outgoing-link",
              "state": {
                "file": "Documentation/Getting Started.md",
                "linksCollapsed": false,
                "unlinkedCollapsed": true
              }
            }
          },
          {
            "id": "5ac590876b2ecb60",
            "type": "leaf",
            "state": {
              "type": "FANTASY_CALENDAR",
              "state": {}
            }
          },
          {
            "id": "e90b3c4ac14d3345",
            "type": "leaf",
            "state": {
              "type": "advanced-tables-toolbar",
              "state": {}
            }
          }
        ],
        "currentTab": 1
      }
    ],
    "direction": "horizontal",
    "width": 280.5
  },
  "left-ribbon": {
    "hiddenItems": {
      "switcher:Open quick switcher": false,
      "graph:Open graph view": false,
      "canvas:Create new canvas": false,
      "daily-notes:Open today's daily note": true,
      "templates:Insert template": false,
      "command-palette:Open command palette": false,
      "table-editor-obsidian:Advanced Tables Toolbar": false,
      "fantasy-calendar:Open Large Fantasy Calendar": false,
      "obsidian-leaflet-plugin:Open Leaflet Map": false
    }
  },
  "active": "f78eaf07decaa8cd",
  "lastOpenFiles": [
    "Templates/Characters/Character.md",
    "Characters/Characters.md",
    "Life/Humanoids/Humanoids.md",
    "Life/Fauna/Fauna.md",
    "Templates/Categories/Folder Note Template.md",
    "Templates/Templates.md",
    "Society/Religion/Religion.md",
    "Society/Occupations/Occupations.md",
    "Society/Lore/Lore.md",
    "Society/Language/Language.md"
  ]
}